table_catalog,table_schema,table_name,column_name,ordinal_position,data_type,is_nullable
main,gold,dim_cliente,cliente_id,1,BIGINT,NO
main,gold,dim_cliente,nombre,2,STRING,YES
main,gold,dim_cliente,segmento,3,STRING,YES
main,gold,dim_cliente,zona,4,STRING,YES
main,gold,dim_cliente,fecha_alta,5,DATE,YES
main,gold,dim_producto,producto_id,1,BIGINT,NO
main,gold,dim_producto,descripcion,2,STRING,YES
main,gold,dim_producto,categoria,3,STRING,YES
main,gold,fact_ventas,venta_id,1,BIGINT,NO
main,gold,fact_ventas,cliente_id,2,BIGINT,NO
main,gold,fact_ventas,producto_id,3,BIGINT,NO
main,gold,fact_ventas,fecha,4,DATE,NO
main,gold,fact_ventas,cantidad,5,"DECIMAL(12,3)",YES
main,gold,fact_ventas,importe_neto,6,"DECIMAL(14,2)",YES
main,gold,fact_ventas,margen_bruto,7,"DECIMAL(14,2)",YES
main,gold,fact_stock,producto_id,1,BIGINT,NO
main,gold,fact_stock,deposito,2,STRING,NO
main,gold,fact_stock,stock_disponible,3,"DECIMAL(12,3)",YES
main,gold,fact_stock,fecha_corte,4,DATE,NO
main,gold,fact_presupuesto,zona,1,STRING,NO
main,gold,fact_presupuesto,mes,2,DATE,NO
main,gold,fact_presupuesto,importe_objetivo,3,"DECIMAL(14,2)",YES
